{
  body: '{"id":2780853207200,"email":"john_fyh@hotmail.com","closed_at":null,"created_at":"2020-10-04T05:37:57-04:00","updated_at":"2020-10-04T05:37:58-04:00","number":6,"note":"","token":"7e77aebecc58aab7695c6704e6bdbbcc","gateway":"manual","test":false,"total_price":"580.00","subtotal_price":"560.00","total_weight":1600,"total_tax":"0.00","taxes_included":false,"currency":"MYR","financial_status":"paid","confirmed":true,"total_discounts":"0.00","total_line_items_price":"560.00","cart_token":null,"buyer_accepts_marketing":false,"name":"#1006","referring_site":null,"landing_site":null,"cancelled_at":null,"cancel_reason":null,"total_price_usd":"139.46","checkout_token":null,"reference":null,"user_id":62107353248,"location_id":null,"source_identifier":null,"source_url":null,"processed_at":"2020-10-04T05:37:57-04:00","device_id":null,"phone":null,"customer_locale":null,"app_id":1354745,"browser_ip":null,"landing_site_ref":null,"order_number":1006,"discount_applications":[],"discount_codes":[],"note_attributes":[],"payment_gateway_names":["manual"],"processing_method":"manual","checkout_id":null,"source_name":"shopify_draft_order","fulfillment_status":null,"tax_lines":[],"tags":"","contact_email":"john_fyh@hotmail.com","order_status_url":"https:\\/\\/infinixonline.myshopify.com\\/47003926688\\/orders\\/7e77aebecc58aab7695c6704e6bdbbcc\\/authenticate?key=c8ef1ef29fac8d7e56d1c21986bd0d55","presentment_currency":"MYR","total_line_items_price_set":{"shop_money":{"amount":"560.00","currency_code":"MYR"},"presentment_money":{"amount":"560.00","currency_code":"MYR"}},"total_discounts_set":{"shop_money":{"amount":"0.00","currency_code":"MYR"},"presentment_money":{"amount":"0.00","currency_code":"MYR"}},"total_shipping_price_set":{"shop_money":{"amount":"20.00","currency_code":"MYR"},"presentment_money":{"amount":"20.00","currency_code":"MYR"}},"subtotal_price_set":{"shop_money":{"amount":"560.00","currency_code":"MYR"},"presentment_money":{"amount":"560.00","currency_code":"MYR"}},"total_price_set":{"shop_money":{"amount":"580.00","currency_code":"MYR"},"presentment_money":{"amount":"580.00","currency_code":"MYR"}},"total_tax_set":{"shop_money":{"amount":"0.00","currency_code":"MYR"},"presentment_money":{"amount":"0.00","currency_code":"MYR"}},"line_items":[{"id":6102539600032,"variant_id":36554284204192,"title":"Loius Vuitton Leaf Discharge","quantity":1,"sku":"","variant_title":"L","vendor":"Louis Vuitton","fulfillment_service":"manual","product_id":5717172551840,"requires_shipping":true,"taxable":true,"gift_card":false,"name":"Loius Vuitton Leaf Discharge - L","variant_inventory_management":"shopify","properties":[],"product_exists":true,"fulfillable_quantity":1,"grams":200,"price":"70.00","total_discount":"0.00","fulfillment_status":null,"price_set":{"shop_money":{"amount":"70.00","currency_code":"MYR"},"presentment_money":{"amount":"70.00","currency_code":"MYR"}},"total_discount_set":{"shop_money":{"amount":"0.00","currency_code":"MYR"},"presentment_money":{"amount":"0.00","currency_code":"MYR"}},"discount_allocations":[],"duties":[],"admin_graphql_api_id":"gid:\\/\\/shopify\\/LineItem\\/6102539600032","tax_lines":[]},{"id":6102539632800,"variant_id":36554284171424,"title":"Loius Vuitton Leaf Discharge","quantity":5,"sku":"","variant_title":"M","vendor":"Louis Vuitton","fulfillment_service":"manual","product_id":5717172551840,"requires_shipping":true,"taxable":true,"gift_card":false,"name":"Loius Vuitton Leaf Discharge - M","variant_inventory_management":"shopify","properties":[],"product_exists":true,"fulfillable_quantity":5,"grams":200,"price":"70.00","total_discount":"0.00","fulfillment_status":null,"price_set":{"shop_money":{"amount":"70.00","currency_code":"MYR"},"presentment_money":{"amount":"70.00","currency_code":"MYR"}},"total_discount_set":{"shop_money":{"amount":"0.00","currency_code":"MYR"},"presentment_money":{"amount":"0.00","currency_code":"MYR"}},"discount_allocations":[],"duties":[],"admin_graphql_api_id":"gid:\\/\\/shopify\\/LineItem\\/6102539632800","tax_lines":[]},{"id":6102539665568,"variant_id":36554284138656,"title":"Loius Vuitton Leaf Discharge","quantity":1,"sku":"","variant_title":"S","vendor":"Louis Vuitton","fulfillment_service":"manual","product_id":5717172551840,"requires_shipping":true,"taxable":true,"gift_card":false,"name":"Loius Vuitton Leaf Discharge - S","variant_inventory_management":"shopify","properties":[],"product_exists":true,"fulfillable_quantity":1,"grams":200,"price":"70.00","total_discount":"0.00","fulfillment_status":null,"price_set":{"shop_money":{"amount":"70.00","currency_code":"MYR"},"presentment_money":{"amount":"70.00","currency_code":"MYR"}},"total_discount_set":{"shop_money":{"amount":"0.00","currency_code":"MYR"},"presentment_money":{"amount":"0.00","currency_code":"MYR"}},"discount_allocations":[],"duties":[],"admin_graphql_api_id":"gid:\\/\\/shopify\\/LineItem\\/6102539665568","tax_lines":[]},{"id":6102539698336,"variant_id":36554284236960,"title":"Loius Vuitton Leaf Discharge","quantity":1,"sku":"","variant_title":"XL","vendor":"Louis Vuitton","fulfillment_service":"manual","product_id":5717172551840,"requires_shipping":true,"taxable":true,"gift_card":false,"name":"Loius Vuitton Leaf Discharge - XL","variant_inventory_management":"shopify","properties":[],"product_exists":true,"fulfillable_quantity":1,"grams":200,"price":"70.00","total_discount":"0.00","fulfillment_status":null,"price_set":{"shop_money":{"amount":"70.00","currency_code":"MYR"},"presentment_money":{"amount":"70.00","currency_code":"MYR"}},"total_discount_set":{"shop_money":{"amount":"0.00","currency_code":"MYR"},"presentment_money":{"amount":"0.00","currency_code":"MYR"}},"discount_allocations":[],"duties":[],"admin_graphql_api_id":"gid:\\/\\/shopify\\/LineItem\\/6102539698336","tax_lines":[]}],"fulfillments":[],"refunds":[],"total_tip_received":"0.0","original_total_duties_set":null,"current_total_duties_set":null,"admin_graphql_api_id":"gid:\\/\\/shopify\\/Order\\/2780853207200","shipping_lines":[{"id":2306224554144,"title":"Standard","price":"20.00","code":"Standard","source":"shopify","phone":null,"requested_fulfillment_service_id":null,"delivery_category":null,"carrier_identifier":null,"discounted_price":"20.00","price_set":{"shop_money":{"amount":"20.00","currency_code":"MYR"},"presentment_money":{"amount":"20.00","currency_code":"MYR"}},"discounted_price_set":{"shop_money":{"amount":"20.00","currency_code":"MYR"},"presentment_money":{"amount":"20.00","currency_code":"MYR"}},"discount_allocations":[],"tax_lines":[]}],"billing_address":{"first_name":"johnny ","address1":" lot 50 , taman merdeka ","phone":null,"city":"selama ","zip":"34100","province":"Perak","country":"Malaysia","last_name":"foo","address2":null,"company":null,"latitude":5.209181800000001,"longitude":100.6976776,"name":"johnny  foo","country_code":"MY","province_code":"PRK"},"shipping_address":{"first_name":"johnny ","address1":" lot 50 , taman merdeka ","phone":null,"city":"selama ","zip":"34100","province":"Perak","country":"Malaysia","last_name":"foo","address2":null,"company":null,"latitude":5.209181800000001,"longitude":100.6976776,"name":"johnny  foo","country_code":"MY","province_code":"PRK"},"customer":{"id":3927601676448,"email":"john_fyh@hotmail.com","accepts_marketing":false,"created_at":"2020-08-26T22:26:32-04:00","updated_at":"2020-10-04T05:37:58-04:00","first_name":"johnny ","last_name":"foo","orders_count":1,"state":"disabled","total_spent":"580.00","last_order_id":2780853207200,"note":null,"verified_email":true,"multipass_identifier":null,"tax_exempt":false,"phone":null,"tags":"","last_order_name":"#1006","currency":"MYR","accepts_marketing_updated_at":"2020-08-26T22:26:32-04:00","marketing_opt_in_level":null,"admin_graphql_api_id":"gid:\\/\\/shopify\\/Customer\\/3927601676448","default_address":{"id":4676288544928,"customer_id":3927601676448,"first_name":"johnny ","last_name":"foo","company":null,"address1":" lot 50 , taman merdeka ","address2":"","city":"selama ","province":"Perak","country":"Malaysia","zip":"34100","phone":null,"name":"johnny  foo","province_code":"PRK","country_code":"MY","country_name":"Malaysia","default":true}}}',
  headers: {
    Host: 'lenowng.ap.ngrok.io',
    'User-Agent': 'Shopify-Captain-Hook',
    'Content-Length': '8156',
    Accept: '*/*',
    'Accept-Encoding': 'gzip;q=1.0,deflate;q=0.6,identity;q=0.3',
    'Content-Type': 'application/json',
    'X-Shopify-Api-Version': '2020-10',
    'X-Shopify-Hmac-Sha256': 'vv2lYbh59GkToqzjbvg4aBmLF73fpUHHAy4IFqRI63k=',
    'X-Shopify-Order-Id': '2780853207200',
    'X-Shopify-Shop-Domain': 'infinixonline.myshopify.com',
    'X-Shopify-Test': 'false',
    'X-Shopify-Topic': 'orders/create',
    Connection: 'close',
    'X-Forwarded-Proto': 'https',
    'X-Forwarded-For': '34.75.246.70'
  },
  httpMethod: 'POST',
  isBase64Encoded: false,
  multiValueHeaders: {
    Host: [ 'lenowng.ap.ngrok.io' ],
    'User-Agent': [ 'Shopify-Captain-Hook' ],
    'Content-Length': [ '8156' ],
    Accept: [ '*/*' ],
    'Accept-Encoding': [ 'gzip;q=1.0,deflate;q=0.6,identity;q=0.3' ],
    'Content-Type': [ 'application/json' ],
    'X-Shopify-Api-Version': [ '2020-10' ],
    'X-Shopify-Hmac-Sha256': [ 'vv2lYbh59GkToqzjbvg4aBmLF73fpUHHAy4IFqRI63k=' ],
    'X-Shopify-Order-Id': [ '2780853207200' ],
    'X-Shopify-Shop-Domain': [ 'infinixonline.myshopify.com' ],
    'X-Shopify-Test': [ 'false' ],
    'X-Shopify-Topic': [ 'orders/create' ],
    Connection: [ 'close' ],
    'X-Forwarded-Proto': [ 'https' ],
    'X-Forwarded-For': [ '34.75.246.70' ]
  },
  multiValueQueryStringParameters: null,
  path: '/hook/order/created',
  pathParameters: null,
  queryStringParameters: null,
  requestContext: {
    accountId: 'offlineContext_accountId',
    apiId: 'offlineContext_apiId',
    authorizer: {
      claims: undefined,
      scopes: undefined,
      principalId: 'offlineContext_authorizer_principalId'
    },
    domainName: 'offlineContext_domainName',
    domainPrefix: 'offlineContext_domainPrefix',
    extendedRequestId: 'ckfuwwrtn0000b28t63scecny',
    httpMethod: 'POST',
    identity: {
      accessKey: null,
      accountId: 'offlineContext_accountId',
      apiKey: 'offlineContext_apiKey',
      caller: 'offlineContext_caller',
      cognitoAuthenticationProvider: 'offlineContext_cognitoAuthenticationProvider',
      cognitoAuthenticationType: 'offlineContext_cognitoAuthenticationType',
      cognitoIdentityId: 'offlineContext_cognitoIdentityId',
      cognitoIdentityPoolId: 'offlineContext_cognitoIdentityPoolId',
      principalOrgId: null,
      sourceIp: '127.0.0.1',
      user: 'offlineContext_user',
      userAgent: 'Shopify-Captain-Hook',
      userArn: 'offlineContext_userArn'
    },
    path: '/hook/order/created',
    protocol: 'HTTP/1.1',
    requestId: 'ckfuwwrto0001b28thypnc6ln',
    requestTime: '04/Oct/2020:17:37:58 +0800',
    requestTimeEpoch: 1601804278993,
    resourceId: 'offlineContext_resourceId',
    resourcePath: '/dev/hook/order/created',
    stage: 'dev'
  },
  resource: '/dev/hook/order/created',
  stageVariables: undefined
}